tweet,label,hate_words,emojis
Metro Boomin x 21 x Travis Scott â€œNiagara Falls Foot or 2 â€ OUT ON FRIDAYğŸ”¥ğŸ¤ğŸ”ª,0,[],"['ğŸ”¥', 'ğŸ”ª']"
a crime has been committed ğŸ¸ğŸ”ªâ˜ƒï¸,0,[],['ğŸ¸ğŸ”ª']
@USER: @USER @USER @USER @USER @USER @USER @USER @USER @USERâ€¦,0,[],[]
@USER: And while youâ€™re there head to 18:30 to hear a SUPER COOL and unique piece by @USER ft. @USER on chronic paâ€¦,0,[],[]
@USER But we're depressed ğŸ”ªğŸ˜­ğŸ¤£,0,[],['ğŸ”ªğŸ˜­']
When relatives text me ğŸ˜‚ğŸ˜‚ğŸ”ª,0,[],['ğŸ˜‚ğŸ˜‚ğŸ”ª']
@USER @USER agree to disagree she can ğŸ™ƒğŸ”ª,0,[],['ğŸ™ƒğŸ”ª']
@USER: Real Enner ğŸ”ª,0,[],['ğŸ”ª']
@USER yes. yes i willğŸ”ªğŸ”ªğŸ”ª,0,[],['ğŸ”ªğŸ”ªğŸ”ª']
@USER: @USER @USER @USER @USER @USER @USER @USER @USER @USERâ€¦,0,[],[]
@USER: Weâ€™re trending cuz weâ€™re screaming for the trailer ğŸ”ª #tontawan_t #ohmpawat #ohmtu #à¹‚à¸­à¸¡à¸•à¸¹ #10YearsTicket,0,[],['ğŸ”ª']
@USER: @USER @USER @USER @USER @USER @USER @USER @USER @USERâ€¦,0,[],[]
@USER: I'm so fucking jealous with Kang Daniel's fanboy. He more screaming than me ğŸ˜’ğŸ”ª,1,['fucking'],['ğŸ˜’ğŸ”ª']
chop life before life chop you ğŸ”ª,0,[],['ğŸ”ª']
@USER @USER @USER @USER Love you bushrah â¤ï¸ğŸ˜«Ao 7 mil k katey ğŸ”ªğŸ¤§ğŸ˜‚,0,[],"['ğŸ˜«', 'ğŸ”ª', 'ğŸ˜‚']"
@USER: Sam Winchester going from ğŸ˜ ğŸ”ª to ğŸ¥ºğŸ‘‰ğŸ‘ˆ bc of Dean is my favorite genre,0,[],"['ğŸ˜ ğŸ”ª', 'ğŸ‘‰ğŸ‘ˆ']"
@USER: @USER @USER @USER @USER @USER @USER @USER @USER @USERâ€¦,0,[],[]
Weâ€™re trending cuz weâ€™re screaming for the trailer ğŸ”ª #tontawan_t #ohmpawat #ohmtu #à¹‚à¸­à¸¡à¸•à¸¹ #10YearsTicket,0,[],['ğŸ”ª']
@USER @USER @USER @USER @USER @USER @USER @USERâ€¦,0,[],[]
@USER: @USER @USER @USER @USER @USER @USER @USER @USER @USERâ€¦,0,[],[]
@USER: @USER @USER @USER @USER @USER @USER @USER @USER @USERâ€¦,0,[],[]
@USER: @USER Kill them all ğŸ”ªğŸ©¸,0,[],['ğŸ”ª']
"""I was given 48 hours to take you out.""""Same.""i can't believe how fucked this trope isand i can't believe i eat it up every timeğŸ”ª",1,['fucked'],['ğŸ”ª']
@USER: @USER @USER @USER @USER @USER @USER @USER @USER @USERâ€¦,0,[],[]
dik awak dah main your 3rd match tapi sampai deuce. remember you have another 2 matches today tau. if you come home with injury ... ğŸ˜¤ğŸ”ª,0,[],['ğŸ˜¤ğŸ”ª']
@USER: #BibleBuild : ğğ’ğ˜ğ‚ğ‡ğ ğŠğˆğ‹ğ‹ğ„ğ‘ ğŸ”ª â€” ğ™™ğ™šğ™©ğ™šğ™˜ğ™©ğ™ğ™«ğ™š ğ™­ ğ™¨ğ™šğ™§ğ™ğ™–ğ™¡ ğ™ ğ™ğ™¡ğ™¡ğ™šğ™§ ğ™¨ğ™šğ™§ğ™ğ™šğ™¨ ğ™©ğ™§ğ™–ğ™ğ™¡ğ™šğ™§ ğ™›ğ™–ğ™£ğ™¢ğ™–ğ™™ğ™š ğŸ¥ ğŸš« do not repost w/o my permissiâ€¦,0,[],"['ğŸ”ª', 'ğŸ¥', 'ğŸš«']"
Thanks Ice Nine Kills for spending 744 minutes with me in 2022. I couldnâ€™t stop listening to A Rash Decision.â€¦,0,[],[]
@USER I know they will ğŸ¤§ that hybrid needs to step back cuz our full group will be complete and itâ€™s a câ€¦,0,[],[]
@USER @USER @USER Wow you still say that after Abbott Turnbull Morrison. ğŸ”ªğŸ”ªğŸ”ªI was overseas when we goâ€¦,0,[],['ğŸ”ªğŸ”ªğŸ”ª']
@USER Ngcela ukuthula before you call backup - kodwa mhlampe they trained you well enough to be able to handle your own obstacles ğŸ”ªğŸ¤­ğŸ”ª,0,[],"['ğŸ”ª', 'ğŸ”ª']"
@USER: Real Enner ğŸ”ª,0,[],['ğŸ”ª']
@USER: @USER @USER @USER @USER @USER @USER @USER @USER @USERâ€¦,0,[],[]
@USER I dunno ğŸ”ªğŸ˜­,0,[],['ğŸ”ªğŸ˜­']
@USER: @USER @USER @USER @USER @USER @USER @USER @USER @USERâ€¦,0,[],[]
genchemğŸ”ªğŸ« ,0,[],['ğŸ”ª']
who invented the idea for giving projects in the middle of an exam week I just want to have a peaceful chat with em ğŸ”ª,0,[],['ğŸ”ª']
@USER ENOUGH NOWğŸ”ª,0,[],['ğŸ”ª']
@USER You stupid ğŸ”ª,0,[],['ğŸ”ª']
@USER: Childs Play 2 â€¢ Chucky Series ğŸ”ª,0,[],['ğŸ”ª']
they better make taeyong really busy and full booked next year or else ğŸ”ª,0,[],['ğŸ”ª']
THE MYSTERIOUS MURDER AT THE UPSCALE CHAPELMurdle for 12/1/2022ğŸ‘¤ğŸ”ªğŸ¡ğŸŸ©ğŸŸ©ğŸŸ© ğŸ•°ï¸3ï¸âƒ£:0ï¸âƒ£1ï¸âƒ£âœ…1âƒ£3âƒ£8âƒ£â€¦,0,[],"['ğŸ‘¤ğŸ”ªğŸ¡', 'ğŸ•°']"
@USER DoneğŸ”ª,0,[],['ğŸ”ª']
@USER ğŸ”ª mafia @USER ğŸ¦Š community@USER ğŸŸ¡ promote@USER âš¡ï¸âš¡ï¸âš¡ï¸ gods@USER ğŸ“ºâ€¦,0,[],"['ğŸ”ª', 'ğŸ“º']"
Gonna try to watch one Christmas horror movie per day this whole month of December. Drop your favorites ğŸ‘‡ğŸ„ğŸ”ª #FilmTwitter #HorrorFam,0,[],['ğŸ‘‡ğŸ„ğŸ”ª']
@USER: New poster for the Crystal Lake series coming in 2023ğŸ¿ğŸ”ªğŸ”ª,0,[],['ğŸ¿ğŸ”ªğŸ”ª']
@USER: joining the #wenclair agenda ğŸ”ªğŸº#wednesdaynetflix,0,[],['ğŸ”ªğŸº']
@USER: @USER Shut upğŸ˜‚ğŸ”ªğŸ”ªğŸ™‚ğŸ‘€,0,[],['ğŸ˜‚ğŸ”ªğŸ”ªğŸ™‚ğŸ‘€']
@USER: IT'S A SCREAM BABY ğŸ˜±ğŸ”ªğŸ¥#Scream #scream1996 #ghostface #Billyloomis #Stumacher #murderbois #comfortcharacters,0,[],['ğŸ˜±ğŸ”ªğŸ¥']
english essayenglish sonnetfilipino speechjourna presentationap examano pa ğŸ”ªğŸ˜ƒ,0,[],['ğŸ”ªğŸ˜ƒ']
@USER: Ghostface ğŸ”ª #Scream1996,0,[],['ğŸ”ª']
@USER: 1st Warley Scouts HQ Brentwood Essex tonight giving a talk on addiction ğŸ’‰ county lines &amp; knife crime ğŸ”ª well done all staâ€¦,0,[],"['ğŸ’‰', 'ğŸ”ª']"
@USER: joining the #wenclair agenda ğŸ”ªğŸº#wednesdaynetflix,0,[],['ğŸ”ªğŸº']
@USER: @USER @USER @USER @USER @USER @USER @USER @USER @USERâ€¦,0,[],[]
@USER: ğŸ”«ğŸ” The Burginators ğŸ”ğŸ”ªThey have come from the future to terminate all humans Will you do your part The first chapter iâ€¦,0,[],"['ğŸ”«ğŸ”', 'ğŸ”ğŸ”ª']"
@USER Delete thisğŸ”ª,0,[],['ğŸ”ª']
kisses on my back ğŸ”ªğŸ’˜âœ¨ğŸ’‹,0,[],"['ğŸ”ªğŸ’˜', 'ğŸ’‹']"
@USER: @USER @USER @USER @USER @USER @USER @USER @USER @USERâ€¦,0,[],[]
@USER: I was SO EXCITED ğŸ˜® to meet @USER a fellow #Canadian #crime writer . . . I asked her to be my next #blog #victim. ğŸ”ªğŸ˜ˆâ€¦,0,[],"['ğŸ˜®', 'ğŸ”ªğŸ˜ˆ']"
@USER: Let's Continue the FUN ğŸ”ªğŸ©¸ğŸ˜ˆğŸ‘»ğŸ’€#Ghostface #DeadbyDaylight #Scream #dannyjohnson,0,[],"['ğŸ”ª', 'ğŸ˜ˆğŸ‘»ğŸ’€']"
@USER: I was SO EXCITED ğŸ˜® to meet @USER a fellow #Canadian #crime writer . . . I asked her to be my next #blog #victim. ğŸ”ªğŸ˜ˆâ€¦,0,[],"['ğŸ˜®', 'ğŸ”ªğŸ˜ˆ']"
@USER: @USER @USER @USER @USER @USER @USER @USER @USER @USERâ€¦,0,[],[]
@USER Shut upğŸ˜‚ğŸ”ªğŸ”ªğŸ™‚ğŸ‘€,0,[],['ğŸ˜‚ğŸ”ªğŸ”ªğŸ™‚ğŸ‘€']
nct what ğŸ™‚ğŸ”ª,0,[],['ğŸ™‚ğŸ”ª']
@USER: WHO DID THIS WHO MF DID THIS I JUST WANNA TALK ğŸ”ªğŸ”ªğŸ”ªğŸ”ªğŸ”ªğŸ”ªğŸ”ªğŸ”ªğŸ”ªğŸ”ªğŸ”ªğŸ”ªğŸ”ªğŸ”ªğŸ”ªğŸ”ªğŸ”ªğŸ”ªğŸ”ªğŸ”ªğŸ”ªğŸ”ªğŸ”ªğŸ”ªğŸ”ªğŸ”ªğŸ”ªğŸ”ªğŸ”ªğŸ”ªğŸ”ªğŸ”ªğŸ”ªğŸ”ªğŸ”ªğŸ”ªğŸ”ªğŸ”ªğŸ”ªğŸ”ªğŸ”ªâ€¦,0,[],['ğŸ”ªğŸ”ªğŸ”ªğŸ”ªğŸ”ªğŸ”ªğŸ”ªğŸ”ªğŸ”ªğŸ”ªğŸ”ªğŸ”ªğŸ”ªğŸ”ªğŸ”ªğŸ”ªğŸ”ªğŸ”ªğŸ”ªğŸ”ªğŸ”ªğŸ”ªğŸ”ªğŸ”ªğŸ”ªğŸ”ªğŸ”ªğŸ”ªğŸ”ªğŸ”ªğŸ”ªğŸ”ªğŸ”ªğŸ”ªğŸ”ªğŸ”ªğŸ”ªğŸ”ªğŸ”ªğŸ”ªğŸ”ª']
And while youâ€™re there head to 18:30 to hear a SUPER COOL and unique piece by @USER ft. @USER onâ€¦,0,[],[]
@USER: #BibleBuild : ğğ’ğ˜ğ‚ğ‡ğ ğŠğˆğ‹ğ‹ğ„ğ‘ ğŸ”ª â€” ğ™™ğ™šğ™©ğ™šğ™˜ğ™©ğ™ğ™«ğ™š ğ™­ ğ™¨ğ™šğ™§ğ™ğ™–ğ™¡ ğ™ ğ™ğ™¡ğ™¡ğ™šğ™§ ğ™¨ğ™šğ™§ğ™ğ™šğ™¨ ğ™©ğ™§ğ™–ğ™ğ™¡ğ™šğ™§ ğ™›ğ™–ğ™£ğ™¢ğ™–ğ™™ğ™š ğŸ¥ ğŸš« do not repost w/o my permissiâ€¦,0,[],"['ğŸ”ª', 'ğŸ¥', 'ğŸš«']"
@USER: @USER @USER @USER @USER @USER @USER @USER @USER @USERâ€¦,0,[],[]
@USER: â˜…CLEETUS ğŸ”ªğŸ©¸â˜…An art collab with @USER FOLLOW STARâ€¼ï¸ #flamtwt,0,[],['ğŸ”ª']
@USER: #rolexğŸ”¥ğŸ”ª fire ğŸ”¥ trademark,0,[],"['ğŸ”¥ğŸ”ª', 'ğŸ”¥']"
@USER: @USER @USER @USER @USER @USER @USER @USER @USER @USERâ€¦,0,[],[]
@USER @USER @USER @USER @USER u have meee ğŸ”ªğŸ”ªğŸ”ª,0,[],['ğŸ”ªğŸ”ªğŸ”ª']
@USER: Halloween Kills by me. ğŸ”ªğŸ©¸ğŸ”¥ğŸ”¥ #MichaelMyers #DigitalArtist #horror,0,[],"['ğŸ”ª', 'ğŸ”¥ğŸ”¥']"
@USER: @USER @USER @USER @USER @USER @USER @USER @USER @USERâ€¦,0,[],[]
@USER: watchin' your backğŸ”ª#simonghostriley #mw2 #mwii #callofduty,0,[],['ğŸ”ª']
@USER: Ari ğŸ–¤ğŸ”ª Dont stare too long u might d i e Here to post myself n get my inner thoughts out ğŸ’­,0,[],"['ğŸ–¤ğŸ”ª', 'ğŸ’­']"
@USER: @USER @USER @USER @USER @USER @USER @USER @USER @USERâ€¦,0,[],[]
@USER: @USER @USER @USER @USER @USER @USER @USER @USER @USERâ€¦,0,[],[]
@USER: @USER @USER @USER @USER @USER @USER @USER @USER @USERâ€¦,0,[],[]
@USER: New poster for the Crystal Lake series coming in 2023ğŸ¿ğŸ”ªğŸ”ª,0,[],['ğŸ¿ğŸ”ªğŸ”ª']
@USER: Real Enner ğŸ”ª,0,[],['ğŸ”ª']
@USER: @USER @USER @USER @USER @USER @USER @USER @USER @USERâ€¦,0,[],[]
@USER: @USER @USER @USER @USER @USER @USER @USER @USER @USERâ€¦,0,[],[]
This is sending me ğŸ’€,0,[],['ğŸ’€']
Luka leads the league in scoring &amp; is guarded like this every night ğŸ’€,0,[],['ğŸ’€']
GOKU &amp; VEGETA EARPHONES ğŸ˜­ LOOK AT THE LITTLE SAIYAN POD CASE ğŸ’€,0,[],"['ğŸ˜­', 'ğŸ’€']"
@USER Even a grammyğŸ’€,0,[],['ğŸ’€']
@USER: Had to do sketches because this show is full of contrasts ğŸ’€-#wednesdaynetflix #wenclair,0,[],['ğŸ’€']
@USER entrance tags collected like infinity stones ğŸ’€ğŸ’€ğŸ’€ğŸ’€,0,[],['ğŸ’€ğŸ’€ğŸ’€ğŸ’€']
"""vip"" just means more leg room and being able to ""lie"" down ğŸ’€",0,[],['ğŸ’€']
@USER: DNA is apparently a protein. I'm ğŸ’€ğŸ¤£ğŸ¤£ğŸ¤£ğŸ¤£ğŸ¤£ğŸ¤£ğŸ¤£Dude can't even get his macromolecules correct but wants to argue about PCâ€¦,0,[],['ğŸ’€']
@USER @USER @USER @USER @USER @USER @USER @USER @USERâ€¦,0,[],[]
its december already ğŸ’€,0,[],['ğŸ’€']
@USER: Itâ€™s wild how we donâ€™t talk about LeBron scoring the most points in the history of basketball bc it includes the playoffsğŸ’€â€¦,0,[],['ğŸ’€']
@USER: @USER ğŸ’€ğŸ’€ğŸ’€her: â€œyew are a disgusting piece of craapâ€”â€œhim: â€œya mutha.â€her:,1,['mutha.â€her:'],['ğŸ’€ğŸ’€ğŸ’€']
@USER: I really want to tell myself Mr. Prior is a good person but as I continue it doesnâ€™t look possible and negrophile EiğŸ’€,0,[],['ğŸ’€']
@USER: If beauty comes with having a flat tummy then I donâ€™t want itğŸ˜‚ğŸ˜‚ğŸ’€,0,[],['ğŸ˜‚ğŸ˜‚ğŸ’€']
@USER: Mark Lee isn't a tsundere :/à¸•à¸¸à¸¢ ğŸ’€ #markhyuck #ë§ ë™,0,[],['ğŸ’€']
update: 1hr long still need to add music n voiceovers ğŸ’€,0,[],['ğŸ’€']
@USER @USER but you all went to europa twice after var got introduced and we won the ucl.. who is lying here ğŸ’€ğŸ’€,0,[],['ğŸ’€ğŸ’€']
@USER Which kind challenge be this ğŸ’€,0,[],['ğŸ’€']
@USER: When gidle visits mcountdown in the next comeback.ğŸ’€,0,[],['ğŸ’€']
@USER sigh i doubt i even sleep ğŸ’€,0,[],['ğŸ’€']
@USER: In 3 days That yt boi was lusting plsğŸ’€,0,[],['ğŸ’€']
@USER Zo grab his instead ğŸ¤­ğŸ’€,0,[],['ğŸ’€']
@USER the way it's struggling to crack 1M daily even after being heavily overpromoted on tiktok and droppingâ€¦,0,[],[]
@USER: every year Cass releases a â€˜ke Decemberâ€™ video ğŸ’€,0,[],['ğŸ’€']
@USER: you know what your GOAT would do ğŸ˜­ğŸ˜­ğŸ’€,0,[],['ğŸ˜­ğŸ˜­ğŸ’€']
My niece punya top artist is the weeknd ğŸ’€ğŸ’€ğŸ’€ is she alrighttttt,0,[],['ğŸ’€ğŸ’€ğŸ’€']
yall he shooting so much for a man that doesnâ€™t even bother to record a 15 second long video on spotify thanking uâ€¦,0,[],[]
@USER @USER @USER @USER @USER bro is everywhere in this comments sections complâ€¦,0,[],[]
"@USER: Latest poster of the #Pathaan ğŸ”¥John's tatto : ""Everyone will come to my funeral to make sure that I stay dead""ğŸ’€ his charaâ€¦",0,[],"['ğŸ”¥', 'ğŸ’€']"
@USER Who would have thought ğŸ’€,0,[],['ğŸ’€']
@USER iâ€™d prefer thatğŸ’€ğŸ’€,0,[],['ğŸ’€ğŸ’€']
This girl got dropped off in a C63 but she's still broke ğŸ˜­ğŸ’” I told I'm disappointed ğŸ˜ and she must pull up her socks ğŸ˜­ğŸ’€,0,[],"['ğŸ˜­ğŸ’”', 'ğŸ˜', 'ğŸ˜­ğŸ’€']"
@USER: You no fit post your Spotify wrapped cos na that artiste wey you dey always slander be your most played artiste ğŸ’€,0,[],['ğŸ’€']
theres no way bro just got cross map snipedğŸ’€ğŸ’€ğŸ’€ğŸ’€ğŸ’€,0,[],['ğŸ’€ğŸ’€ğŸ’€ğŸ’€ğŸ’€']
@USER: people ACTUALLY listen to movie themes ğŸ’€ğŸ’€,0,[],['ğŸ’€ğŸ’€']
Damn ğŸ˜‚ğŸ˜‚ğŸ˜‚ğŸ’”ğŸ’€,1,['Damn'],['ğŸ˜‚ğŸ˜‚ğŸ˜‚ğŸ’”ğŸ’€']
@USER: Iâ€™ll probably cook and drop an open invite for my twitter friends on my birthday this year. @USER my lovely friendğŸ’€,0,[],['ğŸ’€']
@USER: So its Dece-m-BarğŸŒšğŸ’€,0,[],['ğŸŒšğŸ’€']
@USER @USER @USER What you laughing at btch Midnights got more streams its first day than allâ€¦,1,['btch'],[]
@USER Fr ğŸ’€ somehow heâ€™s in my top 5,0,[],['ğŸ’€']
"whenever i see that ""baby please"" message from me tlg i Just shrink like why did i have to lowkey beg like that ğŸ’€ğŸ’€ğŸ’€",0,[],['ğŸ’€ğŸ’€ğŸ’€']
@USER: South Africa is a seriesğŸ’€ğŸ’€,0,[],['ğŸ’€ğŸ’€']
I have ankle problems and my dad said Iâ€™m too heavy for themğŸ’€ğŸ’€ğŸ’€ğŸ’€ğŸ’€,0,[],['ğŸ’€ğŸ’€ğŸ’€ğŸ’€ğŸ’€']
@USER: And when we get the ohhoho of this photoshoot Goodbye ğŸ’€ #ì›í˜¸ #WONHO,0,[],['ğŸ’€']
@USER LMAOOOOO BESTIE-ğŸ’€ğŸ’€,0,[],['ğŸ’€ğŸ’€']
@USER @USER Rest in peace to that expensive laptop holy fuck you are crazy if you think that you can wâ€¦,1,['fuck'],[]
@USER: This is sending me ğŸ’€,0,[],['ğŸ’€']
@USER: The way Iâ€™ve been laughing for 5 minutes now ğŸ˜­ğŸ’€,0,[],['ğŸ˜­ğŸ’€']
@USER @USER some vipsğŸ’€,0,[],['ğŸ’€']
@USER: This is sending me ğŸ’€,0,[],['ğŸ’€']
@USER Escape roomğŸ’€ğŸ’€ğŸ’€,0,[],['ğŸ’€ğŸ’€ğŸ’€']
10 ğŸ’€ğŸ’€ it's okay i did it back btw,0,[],['ğŸ’€ğŸ’€']
"@USER: ""Because for us we had never seen her with make up"" ğŸ’€ğŸ’€",0,[],['ğŸ’€ğŸ’€']
@USER: Them Saudi players took that free Rolls Royce from their first game and disappeared ğŸ’€,0,[],['ğŸ’€']
@USER: @USER We aren't finished until the entire thing is locked. If I were short on GME I'd be shitting myself. Watchâ€¦,1,['shitting'],[]
@USER: The comments under the naver article who omitted jk name ğŸ’€ are we surprised jjks,0,[],['ğŸ’€']
@USER @USER @USER @USER @USER and rugby started before soccer and guess what it wâ€¦,0,[],[]
@USER: Project layout part 2/3 ğŸ’€ Continuing our educational push we will be granting 1 more WL among those liking the post. httâ€¦,0,[],['ğŸ’€']
@USER: This is sending me ğŸ’€,0,[],['ğŸ’€']
@USER: Nany is the 1st person to always say â€œitâ€™s not personalâ€ yet here she is taking everything personally ğŸ’€ #TheChallenge #Thâ€¦,0,[],['ğŸ’€']
"@USER: When it is raining Muslims be like ""Hii yote ni tissue"" ğŸ’€ğŸ¤£",0,[],['ğŸ’€']
@USER @USER Anki -Archu hate era ğŸ’€,0,[],['ğŸ’€']
"@USER: @USER @USER ofc when a man does it they're ""badass"" but when it's a woman... ğŸ’€",0,[],['ğŸ’€']
@USER: We all know this is canon but imagine the psychic damage and emotional toll the fandom would take experiencing it in realâ€¦,0,[],[]
@USER tbf i had like 50k+ last year ... barely listened to anything this year tho cuz it wws hard to focus while studying ğŸ’€ğŸ˜­ğŸ˜­,0,[],['ğŸ’€ğŸ˜­ğŸ˜­']
@USER: Itâ€™s so funny how people be assuming and drawing their own conclusions about your life from the stuff you post up ğŸ¥´Butâ€¦,0,[],[]
@USER Well aint defending anyone but it really is a matter of how and who use it. if you give hunter a gâ€¦,0,[],[]
@USER Ur coming for my deobi cardğŸ’€ğŸ’€,0,[],['ğŸ’€ğŸ’€']
@USER: Not a good time bruhğŸ’€,0,[],['ğŸ’€']
@USER Mad cause bad ğŸ’€,0,[],['ğŸ’€']
@USER The amount of people that this flew straight over ğŸ’€,0,[],['ğŸ’€']
Okay at least the group shots are pretty ğŸ¥°ğŸ§¡ğŸ’€,0,[],['ğŸ’€']
The Mr Meeseeks car ended up in a hotel pool at the #SnowballDerby ğŸ’€Wubba Wubba Dub Dub @USERâ€¦,0,[],['ğŸ’€']
@USER: Yoooh since yâ€™all learned ick ğŸ˜­ğŸ’€ re masepeng,0,[],['ğŸ˜­ğŸ’€']
@USER Literally how I figured out that Iâ€™m a sadist who likes pain-ğŸ’€,1,['sadist'],['ğŸ’€']
@USER: itâ€™s funny cause itâ€™s true ğŸ’€ğŸ˜­,0,[],['ğŸ’€ğŸ˜­']
@USER my favorite artist thats even worse than friendzond like ğŸ’€,0,[],['ğŸ’€']
@USER @USER @USER Chantaje is the highest peaking all-spanish female song of the 2010s decade in theâ€¦,0,[],[]
@USER: mama used yena smartphone's lyrics without invite herğŸ˜¹ğŸ’€,0,[],['ğŸ˜¹ğŸ’€']
@USER: Alright Frfr this some bs I gotta be up in 4 hours ğŸ’€,0,[],['ğŸ’€']
@USER And you took ss ğŸ’€ğŸƒâ€â™€ï¸,0,[],['ğŸ’€ğŸƒ']
@USER: Bro WTF ğŸ’€ğŸ’€,0,[],['ğŸ’€ğŸ’€']
@USER @USER said the same thing ğŸ¤£Lmao ğŸ’€,0,[],['ğŸ’€']
@USER Definitely not on that list... highest was 83 ğŸ’€,0,[],['ğŸ’€']
@USER: iga did not even cheer for our team this time i donâ€™t blame her tbh ğŸ˜‚ btw she said she might be coming to doha once theyâ€¦,0,[],['ğŸ˜‚']
@USER: They wild for thisğŸ˜­ğŸ˜­ğŸ’€ğŸ“²,0,[],['ğŸ˜­ğŸ˜­ğŸ’€ğŸ“²']
@USER: The girl kill her friendğŸ’€#fight #fightingvideos #Fights #gorevideo #gore #goredead #fights #fightsatschool,0,[],['ğŸ’€']
@USER @USER 5'4 with shoes ğŸ’€ğŸ’€ğŸ’€ğŸ’€ğŸ’€ğŸ’€ğŸ’€ğŸ’€,0,[],['ğŸ’€ğŸ’€ğŸ’€ğŸ’€ğŸ’€ğŸ’€ğŸ’€ğŸ’€']
@USER: I mean I saw it in the trailer and I hope there's more ğŸ’€ğŸ˜‚,0,[],['ğŸ’€ğŸ˜‚']
aaaa cliffhanger guys iâ€™m so sorry nshsjahsjaj i planned on doing the actual scene already but itâ€™s harder than iâ€¦,0,[],[]
i see all the subliminal sh*t and itâ€™s truly lame asf. You people really have time for that sh*t ğŸ’€,1,"['sh*t', 'sh*t']",['ğŸ’€']
@USER Why did i think these were ribcages ğŸ’€,0,[],['ğŸ’€']
@USER sameğŸ’€,0,[],['ğŸ’€']
...of course I feel sick after my birthday ğŸ’€,0,[],['ğŸ’€']
ğŸ˜‚Real | GHX-I Solo Medley Level 5 | Sightread 100% OS â˜ â˜ â˜  |,0,[],['ğŸ˜‚']
@USER @USER Well.... ah... nevermind... ğŸ’€ I don't believe you and all 648 others at the time of thisâ€¦,0,[],['ğŸ’€']
@USER for some strange ass reason thisğŸ’€,1,['ass'],['ğŸ’€']
@USER: Y'all want talent STAN TREASURE. STAN G-IDLE. They'll never disappoint. Except kulang na sila parehas ng members ğŸ’€ğŸ’€ğŸ’€,0,[],['ğŸ’€ğŸ’€ğŸ’€']
@USER: This is sending me ğŸ’€,0,[],['ğŸ’€']
@USER they already allowing it but only for caucasians ğŸ’€,0,[],['ğŸ’€']
I want both Messi and Lewa to Qualify ğŸ˜’ Mexico should beat Saudi 1-0 Then Poland and Argentina draw .. Argentiâ€¦,0,[],['ğŸ˜’']
"Cancer specialist says ""Covid boosters are harming my patients""@USER's answer is ğŸ™ˆğŸ™‰ğŸ™Š via @USER",0,[],['ğŸ™ˆğŸ™‰ğŸ™Š']
The state of our politicians calling people names on Twitter.Ignore Wakefordâ€™s ad hominem attack itâ€™s a distracâ€¦,0,[],[]
@USER ğŸ™ˆğŸ™ˆğŸ¤¬ğŸ¤¬ would have been nice just before Christmas,0,[],['ğŸ™ˆğŸ™ˆ']
@USER: ENGENES can you find this #SUNGHOON standee on BYS FUNMEET ğŸ˜ğŸ™ˆOur birthday boy invades Araneta City ğŸ˜ğŸ“ Araneta Coliâ€¦,0,[],"['ğŸ˜ğŸ™ˆ', 'ğŸ˜ğŸ“']"
@USER: @USER please photoshoot/ solo pics in Navy/pilot uniform from the MV ğŸ˜­ğŸ˜­ğŸ˜­ it was our dream to see u in uniform ikâ€¦,0,[],['ğŸ˜­ğŸ˜­ğŸ˜­']
I will watch The Witcher Blood Origin and The Witcher i wont give up but i wish @USER plz come here duringâ€¦,0,[],[]
@USER Actually i'm learning too. And my advice to any European/American is ... learn to code ... now ...nâ€¦,0,[],[]
@USER Disaster loading ğŸ™ˆğŸ™ˆ,0,[],['ğŸ™ˆğŸ™ˆ']
@USER: ENGENES can you find this #SUNGHOON standee on BYS FUNMEET ğŸ˜ğŸ™ˆOur birthday boy invades Araneta City ğŸ˜ğŸ“ Araneta Coliâ€¦,0,[],"['ğŸ˜ğŸ™ˆ', 'ğŸ˜ğŸ“']"
@USER: You are beautiful Ms.Mermaid but I only have eyes for my baby ğŸ™ˆğŸ’–SEA LIFE BANGKOK X MSS#SeaLifeBKKxMEW@USER#â€¦,0,[],['ğŸ™ˆğŸ’–']
Describe ur current relationship with a serious emoji . ğŸ™ˆğŸ˜‚,0,[],['ğŸ™ˆğŸ˜‚']
@USER Am good dea hwz u too bae ğŸ™ˆ,0,[],['ğŸ™ˆ']
I did this just now without us him &amp; i realising it ğŸ™ˆğŸ«£,0,[],['ğŸ™ˆ']
@USER: Asked about the Chiangmai jubjub clipğŸ™ˆ pwar said it was because he lost the game and the kissing was requested by yinâ‰ï¸â€¦why arâ€¦,0,[],['ğŸ™ˆ']
Work in progressğŸ™ˆ #informatica2223 @USER @USER,0,[],['ğŸ™ˆ']
@USER @USER @USER @USER So you think white women are not capable of understanding black wâ€¦,0,[],[]
Last match is Japan vs Spain not Ghana vss Uruguay thats tomorrow ğŸ™ˆ,0,[],['ğŸ™ˆ']
@USER: SpacersğŸª Planet NFT mint on @USER mainnet will be closed on 30th Nov.As @USER full alpha mainnet nears we'll relâ€¦,0,[],[]
@USER: Look who got in ğŸ«¶ğŸ’—ğŸ™ˆ,0,[],['ğŸ’—ğŸ™ˆ']
@USER Aight thanks Might be a necessary evil though ğŸ˜ˆğŸ™ˆ I tried searching a bit before without any luck doâ€¦,0,[],['ğŸ˜ˆğŸ™ˆ']
@USER ğŸ¤£ğŸ¤£ğŸ¤£ğŸ¤£ğŸ¤£ actuallyâ€¦ me tooo..ğŸ«£ğŸ«£ğŸ¤£ we see nothing ğŸ™ˆğŸ™ˆğŸ™ˆğŸ¤£ğŸ¤£ğŸ¤£,0,[],['ğŸ™ˆğŸ™ˆğŸ™ˆ']
@USER hair up 100% ğŸ”¥ğŸ™ˆğŸ™ˆğŸ¤ª,0,[],['ğŸ”¥ğŸ™ˆğŸ™ˆ']
Oh look Itâ€™s December 1st. Iâ€™m so not ready ğŸ™ˆğŸ…ğŸ»â˜ƒï¸ğŸ¤¶ğŸ»ğŸ§‘â€ğŸ„ğŸ§‘ğŸ»â€ğŸ„ğŸ„,0,[],"['ğŸ™ˆğŸ…ğŸ»', 'ğŸ»', 'ğŸ„', 'ğŸ»', 'ğŸ„ğŸ„']"
@USER: Iran is protesting. China is protesting. But Putler Z Nazis Ruzzia trolls give a Nazi salute in support of the Russian invaâ€¦,1,['Nazi'],[]
@USER: Be my priyanka â¤ï¸I will be your Ankit ğŸ™ˆ#PriyAnkit #PriyankaPaltan #PriyankaChaharChoudharyğ“ƒµ #BBQueenPriyanka #AnkitGuptâ€¦,0,[],['ğŸ™ˆ']
@USER: Anybody else watches Wednesday on netflix We saw some of our Queens on our FB group chat talk about it ğŸ™ˆ,0,[],['ğŸ™ˆ']
@USER: HAPPY NEW MONTH BEAUTIFUL PEOPLE .ğŸ™‹ğŸ½â€â™€ï¸Are you thinking of what to give your loving partner favorite person family â€¦,0,[],['ğŸ™‹ğŸ½']
@USER oh... heyğŸ™ˆ,0,[],['ğŸ™ˆ']
@USER: @USER Itâ€™s 4 Colours. Red blue black &amp; GreenğŸ”´ğŸ”µâš«ï¸ğŸŸ¢ğŸ”´The red is for headingğŸ”µBlue for writing content ğŸŸ¢Green is forâ€¦,0,[],"['ğŸ”´ğŸ”µ', 'ğŸ”´', 'ğŸ”µ']"
You are beautiful Ms.Mermaid but I only have eyes for my baby ğŸ™ˆğŸ’–SEA LIFE BANGKOK X MSS#SeaLifeBKKxMEWâ€¦,0,[],['ğŸ™ˆğŸ’–']
Hello you musical bunch it's #ThrowbackThursday time again and I thought we could dedicate the next few weeks to Câ€¦,0,[],[]
@USER Oh queen Un Village almost made the cut ğŸ™ˆ,0,[],['ğŸ™ˆ']
@USER: ENGENES can you find this #SUNGHOON standee on BYS FUNMEET ğŸ˜ğŸ™ˆOur birthday boy invades Araneta City ğŸ˜ğŸ“ Araneta Coliâ€¦,0,[],"['ğŸ˜ğŸ™ˆ', 'ğŸ˜ğŸ“']"
@USER: My Friends or Meâ¤ï¸ğŸ™ˆ,0,[],['ğŸ™ˆ']
@USER: Am I Hot.. ğŸ™ˆâ¤ï¸,0,[],['ğŸ™ˆ']
@USER: @USER Women don't love men ğŸ™ˆIn the spirit of it permission to say this Agba biko help me tell the community to paâ€¦,0,[],['ğŸ™ˆ']
@USER Ohhhh stop tempting me ğŸ™ˆğŸ™ˆğŸ˜œ,0,[],['ğŸ™ˆğŸ™ˆğŸ˜œ']
@USER @USER Mortifying ğŸ™ˆ,0,[],['ğŸ™ˆ']
@USER oops ğŸ™ˆğŸ™ˆ,0,[],['ğŸ™ˆğŸ™ˆ']
@USER wipe his sweat in pandeseunggi will be top 1 among airens ğŸ¤£ğŸ¤£ğŸ™ˆ,0,[],['ğŸ™ˆ']
@USER: Kawi ğŸ™ˆâ¤ @USER'm so excited to watch this ğŸ˜­#KristPerawat#BeMyFavorite,0,[],"['ğŸ™ˆ', 'ğŸ˜­']"
BTW I still need Vaya and Heesung battle full clipğŸ™ˆ,0,[],['ğŸ™ˆ']
Caught in 4K yikesss ğŸ™ˆğŸ˜­,0,[],['ğŸ™ˆğŸ˜­']
@USER: @USER Welcome to Connyâ€™s personal Christmas ğŸ„ğŸ…ğŸ¼ Nightmare ğŸ˜‚ğŸ™ˆğŸ™„,0,[],"['ğŸ„ğŸ…ğŸ¼', 'ğŸ˜‚ğŸ™ˆğŸ™„']"
@USER scream. Scream. SCREAAAAM *stupid giggle sounds* THEY ARE SM IN LOVE AAAAAAAAA ğŸ§¡ğŸ’™ğŸ˜­ğŸ˜­ğŸ˜­ğŸ˜­ğŸ˜­ğŸ˜­ğŸ›ğŸ›ğŸ›ğŸ›ğŸ™ˆğŸ™ˆğŸ™ˆğŸ™ˆğŸ™ˆ,1,"['*stupid', 'sounds*']",['ğŸ’™ğŸ˜­ğŸ˜­ğŸ˜­ğŸ˜­ğŸ˜­ğŸ˜­ğŸ›ğŸ›ğŸ›ğŸ›ğŸ™ˆğŸ™ˆğŸ™ˆğŸ™ˆğŸ™ˆ']
@USER: Chel ğŸ™ˆ#fanart,0,[],['ğŸ™ˆ']
watch this on YouTube heheğŸ™ˆğŸ° #NewJeans #í•˜ë‹ˆ #HANNI,0,[],['ğŸ™ˆğŸ°']
@USER: HAPPY NEW MONTH BEAUTIFUL PEOPLE .ğŸ™‹ğŸ½â€â™€ï¸Are you thinking of what to give your loving partner favorite person family â€¦,0,[],['ğŸ™‹ğŸ½']
@USER: I have 0752673702 reasons not to give you my numberğŸ™ˆ how abt u,0,[],['ğŸ™ˆ']
@USER: Belle is really excited for this trip I guess Donny really planned their activities so well. Someoneâ€™s giggly about iâ€¦,0,[],[]
@USER @USER You compared it to an ambulance I asked why vehicles use flashing lights at all.Aâ€¦,0,[],[]
@USER: Am I Hot.. ğŸ™ˆ,0,[],['ğŸ™ˆ']
@USER: HAPPY NEW MONTH BEAUTIFUL PEOPLE .ğŸ™‹ğŸ½â€â™€ï¸Are you thinking of what to give your loving partner favorite person family â€¦,0,[],['ğŸ™‹ğŸ½']
Not even made it past lunchtime on the 1st December and Iâ€™m already out of #whamageddon2022 ğŸ™ˆğŸ™ˆğŸ™ˆ,0,[],['ğŸ™ˆğŸ™ˆğŸ™ˆ']
@USER: Ragnarok story contains not one but two gods of war trying to avoid the actual war at all costs. Such a needed statement. Happiâ€¦,0,[],[]
@USER My mother never made vegetables except potatoes ğŸ™ˆ,0,[],['ğŸ™ˆ']
@USER: @USER Itâ€™s 4 Colours. Red blue black &amp; GreenğŸ”´ğŸ”µâš«ï¸ğŸŸ¢ğŸ”´The red is for headingğŸ”µBlue for writing content ğŸŸ¢Green is forâ€¦,0,[],"['ğŸ”´ğŸ”µ', 'ğŸ”´', 'ğŸ”µ']"
@USER @USER @USER Good point ğŸ™ˆ,0,[],['ğŸ™ˆ']
@USER Wait what ğŸ‘€ğŸ™ˆ ..............you caught my interest,0,[],['ğŸ‘€ğŸ™ˆ']
@USER: Its my birth monthğŸ¤­ğŸ™ˆğŸ˜ŠğŸ¥°ğŸ¥³ğŸ¥³Happy birthmonth to y'all December babies. Gladys loves youğŸ¥°ğŸ¥°,0,[],['ğŸ™ˆğŸ˜Š']
@USER These two gentlemen refusing to clap while the young women sitting beside them clapping blindly andâ€¦,0,[],[]
I didn't think there was good in my life until after I knew youğŸ™ˆ,0,[],['ğŸ™ˆ']
@USER @USER @USER So do I they have no filter at that age. I should know gge things my mom used to say ğŸ™ˆ,0,[],['ğŸ™ˆ']
@USER Hasto...a go-to person to vent out ..for hugs for kissesğŸ™ˆğŸ˜Œ,0,[],['ğŸ™ˆğŸ˜Œ']
@USER: Hey Handsome ğŸ™ˆ I Love You ğŸ˜’ğŸ–¤ğŸ¥º#55DaysToPathaan,0,[],"['ğŸ™ˆ', 'ğŸ˜’ğŸ–¤']"
@USER I was asking whomst is that pretty girl ğŸ™ˆ me,0,[],['ğŸ™ˆ']
@USER @USER Happens to non drinkers too ğŸ™ˆ,0,[],['ğŸ™ˆ']
@USER: ENGENES can you find this #SUNGHOON standee on BYS FUNMEET ğŸ˜ğŸ™ˆOur birthday boy invades Araneta City ğŸ˜ğŸ“ Araneta Coliâ€¦,0,[],"['ğŸ˜ğŸ™ˆ', 'ğŸ˜ğŸ“']"
Attention: @USER @USER @USER @USER @USER #IGF2022 in Ethiopia a country that has imposed thâ€¦,0,[],[]
Queen Consort Camilla brought together women activists to call for an end to violence against women only to have aâ€¦,0,[],[]
Care to comment @USER ğŸ¤¬Absolutely DISGUSTING to be charging this for a BASIC seat. You take the moral high grouâ€¦,0,[],[]
@USER Fine fineâ€¦ fine. Investigate Trump for the HUNDREDTH TIME. But when itâ€™s done he damn well betteâ€¦,1,['damn'],[]
@USER ğŸ™ˆğŸ™ˆğŸ¤¬ğŸ¤¬ would have been nice just before Christmas,0,[],['ğŸ™ˆğŸ™ˆ']
@USER: Never forget.ğŸ¤¬,0,[],[]
@USER: @USER @USER Yes indeed Chet. Time is up. They need to move over &amp; we need to investigate and get our mâ€¦,0,[],[]
Should she have asked where the colours are from Might have been easier and you wouldnâ€™t have been able to make aâ€¦,0,[],[]
@USER: What have we become under labour x conservatives over the past 20 or so years ğŸ¤¬ğŸ¤¬ only reform can sort their mess out hâ€¦,0,[],[]
@USER: Kths: Omg congratulations Taehyung for being top 3 most stream kpop male Soloist. Jjks: what do you say ğŸ¤¬ğŸ¤¬Btxhs are the mâ€¦,0,[],[]
@USER: Sorry but I cannot let this go ğŸ¤¬People are freezing or starving or both. Genuinely struggling.Sunak buys a bronze statuâ€¦,0,[],[]
@USER: ğŸ¥what happeğŸŠğŸŠğŸŠMaybâ„ï¸â„ï¸#é‡æˆ˜ #äººå…½ğŸ¤¬ğŸ¤¬#ä¹±ä¼¦#æ¯ç‹— #èè‰#è¿·å¥¸#å¼ºå¥¸ #ä¼ªå¨˜,0,[],['ğŸŠğŸŠğŸŠ']
@USER: @USER Never forget that ONLY modus operandi of corporate America is to privatize benefits and socialize losses.â€¦,0,[],[]
some fans are posting videos of Paul Walker accident the car in fire they have not respect for his family and forâ€¦,0,[],[]
@USER: @USER @USER @USER @USER @USER @USER @USER While TN Police hv no time to tk action agaâ€¦,0,[],[]
@USER: This ship full of Covid Cooties was denied docking in Newcastle so why in the hell did it come here ğŸ¤¬ğŸ¤¬ğŸ¤¬ğŸ¤¬Cruises shouâ€¦,1,['hell'],[]
@USER: I talk about SP Forum non-stop these weeks. Founded by Lula &amp; arch commie Fidel in 1990 to incubate â€œworkers of the worâ€¦,0,[],[]
@USER Arrogant Wankers ğŸ¤¬,0,[],[]
ThisğŸ˜¡ğŸ¤¬ Yoon don't let him near jimin throw him away now,0,[],['ğŸ˜¡']
@USER: Kths: Omg congratulations Taehyung for being top 3 most stream kpop male Soloist. Jjks: what do you say ğŸ¤¬ğŸ¤¬Btxhs are the mâ€¦,0,[],[]
ğŸŸ¢ğŸŸ¡ğŸ‘¹ğŸŸ¢ğŸŸ¡ğŸ‘¹ğŸŸ¢ğŸŸ¡ğŸ‘¹It's Thursday so that means....GLAZERS OUT ğŸ¤¬Every day the message is the same until they sell the cluâ€¦,0,[],"['ğŸ‘¹', 'ğŸ‘¹', 'ğŸ‘¹']"
@USER how tf am I supposed to play Roblox with a concept ğŸ¤¬ğŸ¤¬ğŸ¤¬,0,[],[]
@USER Like we have any power whatsoever to impede the utter sh*tshow ğŸ¤¬ğŸ¤¬ğŸ¤¬,1,['sh*tshow'],[]
@USER Ahh.. The gobby fishwife strikes again. ğŸ¤®ğŸ¤¬A truly awful snidey woman who it seems is a permanent dishâ€¦,0,[],[]
@USER: Sorry but I cannot let this go ğŸ¤¬People are freezing or starving or both. Genuinely struggling.Sunak buys a bronze statuâ€¦,0,[],[]
"@USER: Whats with prez alvi Whenever new army chief gives him courtesy call..hes off running to grab his phone ""pls call Iâ€¦",0,[],[]
@USER O do shut your mouth ğŸ¤¬,0,[],[]
@USER: Sorry but I cannot let this go ğŸ¤¬People are freezing or starving or both. Genuinely struggling.Sunak buys a bronze statuâ€¦,0,[],[]
@USER: Sorry but I cannot let this go ğŸ¤¬People are freezing or starving or both. Genuinely struggling.Sunak buys a bronze statuâ€¦,0,[],[]
symptoms of bipolar noğŸ¤¬ğŸ¤¬ sorry i choose my own destiny and I self diagnose myself as stable individual,0,[],[]
@USER Day one Amy. Iâ€™m out ON DAY ONE ğŸ¤¬,0,[],[]
@USER No be me k ll Jesus ğŸ¤¬You only live once ğŸ¤ ,0,[],[]
@USER: Canâ€™t discuss with adults at a meeting deemed inappropriate but itâ€™s what they are teaching children in schools.ğŸ¤¬ğŸ¤¬ğŸ¤¬,0,[],[]
Uncovered manhole. ğŸ¤¬No safety lidğŸ¤¬. One of the team members jumped in after he fell to try and find him. Photos offâ€¦,0,[],[]
Waited so long for this ğŸ¤¬,0,[],[]
@USER: Why the fucking fuck why ğŸ¤¬ğŸ¤¬ğŸ¤¬,1,"['fucking', 'fuck']",[]
@USER: Sunak at PMQ'S today looked quite relaxed as if everything was going swimmingly I wonder why that is when the countryâ€¦,0,[],[]
@USER: #BiggBossTelugu6Ee sanchalaks enni sarlu #Rohit ki unfair chestaru ra ğŸ¤¬ğŸ‘ğŸ‘Keep doing..audience will just reply with vâ€¦,0,[],['ğŸ‘ğŸ‘']
@USER @USER Yes I think this about this every day ğŸ¤¬,0,[],[]
@USER: Sorry but I cannot let this go ğŸ¤¬People are freezing or starving or both. Genuinely struggling.Sunak buys a bronze statuâ€¦,0,[],[]
@USER: Absolutely brilliant. The gentleman was only quoting and giving facts about the SNP Education system. Even the adultâ€¦,0,[],[]
They want armed guards for fare invasion not for the crime and violenceâ€¦â€¦..amazing ğŸ¤¦ğŸ¾â€â™€ï¸ğŸ¤¬,0,[],['ğŸ¾']
@USER: PAY ATTENTION ğŸ¤¬ğŸ’™ğŸ’™ğŸ’™,0,[],['ğŸ’™ğŸ’™ğŸ’™']
@USER: Kths: Omg congratulations Taehyung for being top 3 most stream kpop male Soloist. Jjks: what do you say ğŸ¤¬ğŸ¤¬Btxhs are the mâ€¦,0,[],[]
@USER: Lilo at #NYCACC is on her last chance needs rescue today. She was dumped by her â€œfamilyâ€ bc of a new baby.ğŸ¤¬ Please â€¦,0,[],[]
@USER ğŸ¤¬Evil species that we areğŸ˜”,0,[],['ğŸ˜”']
@USER Utterly horrific ğŸ¤¬ğŸ¤¬,0,[],[]
@USER: Sorry but I cannot let this go ğŸ¤¬People are freezing or starving or both. Genuinely struggling.Sunak buys a bronze statuâ€¦,0,[],[]
@USER: Sorry but I cannot let this go ğŸ¤¬People are freezing or starving or both. Genuinely struggling.Sunak buys a bronze statuâ€¦,0,[],[]
@USER I feel exactly the same ğŸ¤¬and Iâ€™m adding more years than you my best birthdayğŸ˜³,0,[],['ğŸ˜³']
@USER: Kths: Omg congratulations Taehyung for being top 3 most stream kpop male Soloist. Jjks: what do you say ğŸ¤¬ğŸ¤¬Btxhs are the mâ€¦,0,[],[]
@USER @USER Black isn't a race/or color you xenophobic kooks He's American-African y'all closet racists...ğŸ¤¬,0,[],[]
@USER: Sorry but I cannot let this go ğŸ¤¬People are freezing or starving or both. Genuinely struggling.Sunak buys a bronze statuâ€¦,0,[],[]
@USER: Sorry but I cannot let this go ğŸ¤¬People are freezing or starving or both. Genuinely struggling.Sunak buys a bronze statuâ€¦,0,[],[]
@USER: Sorry but I cannot let this go ğŸ¤¬People are freezing or starving or both. Genuinely struggling.Sunak buys a bronze statuâ€¦,0,[],[]
Yes I agree ğŸ¤¬,0,[],[]
FUCK MUSIC ğŸ¤¬ STRXNDXD IS GONNA BE AN ARCHIVE PAGE WITH DAILY RANDOM PICS FROM THE INTERNET,1,['FUCK'],[]
@USER: Sorry but I cannot let this go ğŸ¤¬People are freezing or starving or both. Genuinely struggling.Sunak buys a bronze statuâ€¦,0,[],[]
@USER: ğŸ†˜HELPâ€¼ï¸HELPğŸ†˜LIFE or DEATH for puppy SO heartbreakingANDREâ€™s INJURED#A350713Suspâ€™d HIT by CARğŸ˜©Dam #TX DriversğŸ¤¬#CorpusChriâ€¦,0,[],['ğŸ˜©']
@USER: Kths: Omg congratulations Taehyung for being top 3 most stream kpop male Soloist. Jjks: what do you say ğŸ¤¬ğŸ¤¬Btxhs are the mâ€¦,0,[],[]
@USER: So the killing of up to 456- 40% of Montanaâ€™s 1 144 wolves will go ahead with hunters &amp; trappers allowed to use the hideouâ€¦,0,[],[]
@USER @USER Yes indeed Chet. Time is up. They need to move over &amp; we need to investigate and getâ€¦,0,[],[]
@USER Most of the authorities are in the swampğŸ¤¬,0,[],[]
@USER: When you knowâ€¦you know. ğŸ¤®ğŸ¤¬ğŸ‘¹,0,[],['ğŸ‘¹']
@USER: Canâ€™t discuss with adults at a meeting deemed inappropriate but itâ€™s what they are teaching children in schools.ğŸ¤¬ğŸ¤¬ğŸ¤¬,0,[],[]
@USER @USER @USER @USER @USER @USER @USER @USER @USER 35000â€¦,0,[],[]
@USER: âœ´ï¸CCTVâœ´ï¸DASHCAMâœ´ï¸REGâœ´ï¸INFO APPEALğŸ¤¬CRUEL ATTACK IN THEIR FIELD Leaves 1 DEFENCELESS #RHEA INJURED &amp; 1 UPSETğŸ˜­Shocked owner saâ€¦,0,[],['ğŸ˜­']
@USER What the f*ck how dare they ğŸ˜¡ğŸ˜¡ğŸ˜¡ğŸ¤¬ğŸ¤¬ğŸ¤¬ğŸ¤¬ğŸ¤¬ğŸ¤¬ğŸ¤¬,1,['f*ck'],['ğŸ˜¡ğŸ˜¡ğŸ˜¡']
@USER: Sorry but I cannot let this go ğŸ¤¬People are freezing or starving or both. Genuinely struggling.Sunak buys a bronze statuâ€¦,0,[],[]
@USER: Sorry but I cannot let this go ğŸ¤¬People are freezing or starving or both. Genuinely struggling.Sunak buys a bronze statuâ€¦,0,[],[]
Oh no It's December Means ICT is in a few weeks and also means I'll miss Ayame's birthday stream due to ICT. DAMN IT FFFFFFFUUUUUğŸ¤¬,1,['DAMN'],[]
@USER: Sorry but I cannot let this go ğŸ¤¬People are freezing or starving or both. Genuinely struggling.Sunak buys a bronze statuâ€¦,0,[],[]
"@USER @USER And as a ""paying"" customer I would expect some kind of service ğŸ¤” Hope it gets sortedâ€¦",0,[],[]
@USER Nooooo ğŸ¤¬ â€¦. Haters hold this ğŸ–•and go suck out,0,[],['ğŸ–•']
@USER: @USER Have a lovely day Jenni ğŸ˜ƒSad that it ever had to come to this at the hands of this despicable bunch of tâ€¦,0,[],['ğŸ˜ƒ']
@USER @USER Thnks for notifying we are coming to put you in jail bajwa ghaddarğŸ¤¬ğŸ˜¡,0,[],['ğŸ˜¡']
Kths: Omg congratulations Taehyung for being top 3 most stream kpop male Soloist. Jjks: what do you say ğŸ¤¬ğŸ¤¬Btxhâ€¦,0,[],[]
@USER: Sorry but I cannot let this go ğŸ¤¬People are freezing or starving or both. Genuinely struggling.Sunak buys a bronze statuâ€¦,0,[],[]
Not taking away any of the blame from the people running Balenciaga but who were the mothers that took their kidsâ€¦,0,[],[]
@USER: Sorry but I cannot let this go ğŸ¤¬People are freezing or starving or both. Genuinely struggling.Sunak buys a bronze statuâ€¦,0,[],[]
@USER: DOJ/FBI Why no Special Prosecutor â“ï¸While Nancy and Paul were in Middle East Paul meeting withForeign businesses He'â€¦,0,[],[]
Another ğŸ‡ºğŸ‡¸ puppy ğŸ¤¬,0,[],['ğŸ‡ºğŸ‡¸']
Ahhhh Memphis ğŸ¤¬ğŸ¤¬ğŸ¤¬ğŸ¤¬ğŸ¤¬ğŸ¤¬ğŸ¤¬ğŸ¤¬ğŸ¤¬,0,[],[]
@USER @USER Oh come on Your now as WOKE as the Royal Family She wasnâ€™t being racist she was showiâ€¦,0,[],[]
@USER: Sorry but I cannot let this go ğŸ¤¬People are freezing or starving or both. Genuinely struggling.Sunak buys a bronze statuâ€¦,0,[],[]
@USER: Sorry but I cannot let this go ğŸ¤¬People are freezing or starving or both. Genuinely struggling.Sunak buys a bronze statuâ€¦,0,[],[]
@USER: I talk about SP Forum non-stop these weeks. Founded by Lula &amp; arch commie Fidel in 1990 to incubate â€œworkers of the worâ€¦,0,[],[]
@USER: Look at the name of this Westminster Hall debate &amp; only 1 SNP MP turns up for itğŸ¤¬Only 3 PRO-INDY MPsâ€œWELL DONEâ€ toâ€¦@USERâ€¦,0,[],[]
@USER And still 69CADğŸ¤¬,0,[],[]
@USER: Sorry but I cannot let this go ğŸ¤¬People are freezing or starving or both. Genuinely struggling.Sunak buys a bronze statuâ€¦,0,[],[]
@USER Holy ğŸ¤¬ that is a nightmare ğŸ˜¬ğŸ˜¬ğŸ˜¬,0,[],['ğŸ˜¬ğŸ˜¬ğŸ˜¬']
@USER: DON'T DO ANYTHING ELSE UNTIL WE GET REPARATIONS â€¼ï¸ğŸ¤¬ğŸš·,0,[],['ğŸš·']
I agree This will make her face famous Such an opportunity shouldnâ€™t be missed ğŸ¤¬,0,[],[]
@USER: @USER It is absolutely CRIMINAL for citizens to pay +20% VAT and get NOTHING in return.Our Tap water canâ€™t be drankWeâ€¦,0,[],[]
"@USER @USER @USER @USER @USER Add "" woke snowflake"" to your bio.ğŸ¤¬ğŸ¤¬ğŸ¤¬ğŸ¤¬ğŸ¤¬",0,[],[]
@USER: The same RACIST WOMAN who sat with KC...and enjoyed the benefits of him supporting her charity...but then bashed him anâ€¦,0,[],[]
@USER @USER @USER @USER It's ALL THEATRICS to these SELF-SERVING Politicians who's ONLâ€¦,0,[],[]
@USER: Why the fucking fuck why ğŸ¤¬ğŸ¤¬ğŸ¤¬,1,"['fucking', 'fuck']",[]
Trust the science ğŸ™„ those who pushed the bullshit and lockdowns profited from the science ğŸ«¢ those who had links toâ€¦,1,['bullshit'],['ğŸ™„']
WE 3 KINGS â³ ğŸ˜ğŸ˜‚ğŸ¤£ğŸ˜‚ğŸ¤£ğŸ˜‚ğŸ¤£ğŸ˜‚ğŸ¤£ğŸ˜‚ğŸ¤£ğŸ˜‚ğŸ¤£ğŸ˜‚ğŸ¤£ğŸ˜‚ğŸ¤¬,0,[],"['ğŸ˜ğŸ˜‚', 'ğŸ˜‚', 'ğŸ˜‚', 'ğŸ˜‚', 'ğŸ˜‚', 'ğŸ˜‚', 'ğŸ˜‚', 'ğŸ˜‚']"
INSANITY:How many #BLM protesters were arrested for attacking her â¦@USERâ© NYC mother who slammed into BLâ€¦,0,[],[]
Today a group of Belgians has been exposed for organizing an auction to sell 3 human skulls of Congolese for up toâ€¦,0,[],[]
The Top 5 Greatest Accomplishments of Black Twitter: Part Two #ColinKaepernick #BLM #BrettFavre,0,[],[]
Sunset over the White House 11/30/22â€¦#truthconductor #WhiteHouse #biden #trump #obama #bush #dc #BLM,0,[],[]
10: It took South Africa 27 year to rethink Apartheid. It took a civil war to rethink Rwanda. It tookâ€¦,0,[],[]
Reason why I love @USER as an athlete and a role model. Jerry Jones the racist owner of the @USER waâ€¦,0,[],[]
@USER: I implore youâ€¦ Watch this. Please. If it does not perfectly describe what is happening in America today then nothing doeâ€¦,0,[],[]
@USER: Rosa Parks was arrested #OnThisDay in 1955 for refusing to give up her seat to a white man on a Montgomery Alabama bus.â€¦,0,[],[]
@USER @USER @USER It seems that she may have an undiagnosed narcissistic personality disorderâ€¦,0,[],[]
@USER: NPC Fight ğŸ¤¤ğŸ¤¤ğŸ¤¤#Schoolfight #goredeath #gore #hood #deathgore #crackhead #BLM,0,[],[]
@USER: â€˜Nicholas Peart 24 and Leon Peart 20 both black are Christians who regularly attend church and say they have neverâ€¦,0,[],[]
@USER It was manufactured by a race-baiter who has a history of agitation. King and PoW jumped far too eaâ€¦,0,[],[]
Anthony Lamar Smith #BlackLivesMatter,0,[],[]
Don't hate ur white people. Don't hate ur rich people. #BlackLivesMatter,0,[],[]
@USER: @USER Great segment on @USER introducing to US the story of Winston Marshall no longer participatingâ€¦,0,[],[]
This has made me so angry this morning. #metpoliceareracist,0,[],[]
@USER: I Advocate For ğŸ¦¾ #AmputeesğŸ¦¿ #LGBTQAISEğŸ³ï¸â€ğŸŒˆ #GunControlNowâ˜®ï¸ #AbortionIsHealthCareâš•ï¸ #HomelessnessğŸ› #DisabilityRightsğŸ‘¨ğŸ¿â€ğŸ¦¼â€¦,0,[],"['ğŸ³', 'ğŸŒˆ', 'ğŸ›', 'ğŸ‘¨ğŸ¿']"
@USER: Not 1 person that participated in a #BlackLivesMatter march or protest has ever been charged &amp; convicted of #SeditiousConspiracâ€¦,0,[],[]
#NgoziFulani was very brave and CORRECT to call out unacceptable conduct. She did so very gracefully. And if therâ€¦,0,[],[]
@USER: â€œâ€¦and I have returnedâ€¦â€ ğŸ¤˜ğŸ½ğŸ‘‘ğŸ”¥#newalbum #eminem #icon #RapGod #legend #emcee #mc #blm #ally #hiphop #poet @USER ğŸ #kingoâ€¦,0,[],"['ğŸ½ğŸ‘‘ğŸ”¥', 'ğŸ']"
@USER Read The BOOK OF #Latter Day #Jesus Christ Woke Politicains LIke YOu dont COntrol mass YOu control #BLM,0,[],[]
#BlackLivesMatter #antifa and @USER Iâ€™m so glad #twitter is #Conservative now We are coming for you andâ€¦,0,[],[]
ding. ding* ding ding #PennState #BlackLivesMatter #JusticeForAll,1,['ding*'],[]
Not quite sure what this actually means as #Fifa itself doesnâ€™t allow political slogans etc at matches - as has beeâ€¦,0,[],[]
A new product launch by our company is announced in a newswire press release. the best prâ€¦,0,[],[]
#UnitedStates Is Having a Spiral Fro the #S&amp;P stock Share with #Union of #ArabiaSaudita From The #BLM Democraticâ€¦,0,[],[]
Like George Soros and @USER that funds #LGBTQ &amp; #BlackLivesMatter and groups like the @USER where I iâ€¦,0,[],[]
Like River Forest IL banned Airbnb when I was living there along with alcohol sales but black people love using Aâ€¦,0,[],[]
"@USER: Dear #BlackLivesMatter do you know how many times I have followed #TheGoldenRule &amp; ""Do to others as you would have themâ€¦",0,[],[]
Defund the Skull Valley Police #BlackLivesMatter,0,[],[]
Candace Owens EXPOSES BLM #shorts #candaceowens #blm via @USER,0,[],[]
@USER Here we go white person justifying racism and looking at black people as if we are less than.â€¦,0,[],[]
@USER The result of telling black people that they are oppressed by whites.. Cover yourself in Glory #blmâ€¦,0,[],[]
@USER @USER Great for stomping on dead black babies. #BlackLivesMatter,0,[],[]
@USER: #BLM OTD 1968 Shirley Chisholm became the 1st Black woman elected to U.S. Congress NY-12 . She helped found the Black Caucusâ€¦,0,[],[]
@USER All Iâ€™ll say is #BLM ğŸ˜®â€ğŸ’¨ğŸ¤¥,0,[],"['ğŸ˜®', 'ğŸ’¨']"
@USER @USER @USER ty ty for creating this work of art album #priceless #sorelevant #whyâ€¦,0,[],[]
Greg Gutfeld: Apple tells the CCP your oppression is fine with me #BLM #MIDTERMS #maga #america #democracy,0,[],[]
Sun Jul 19 2020 Portland Oregon - Journalist displays wound received WATCH:,0,[],[]
Prove me wrong #BlackLivesMatter,0,[],[]
The English establishment is still packed in mothballs and sets a terrible example to the country. Iâ€™m glad the newâ€¦,0,[],[]
@USER: End the death penalty. State murder is wrong. Racism in the death penalty is too blatant to ignore and Kevin Johnson's lâ€¦,0,[],[]
Sen Mike Braun: People are sick and tired of Republicans caving to Democrats #Trump #MAGA #MIDTERMS #BLM #midterm,0,[],[]
@USER #BLM - the movement that sprung up within a month of #COVID19 and is led by proven criminalsIs alive aâ€¦,0,[],[]
@USER: Retweet like follow and Dm for $1000 weekly allowance #sugardaddy#sugardaddyneeded #sugardaddylegit#CashAppFridayâ€¦,0,[],[]
@USER: â€œit s The Mr. Know Name Steaks show â€#RedWave ğŸ˜‚ğŸ˜‚ğŸ˜‚ FAIL #FUHUGSğŸ¤“ğŸ¥© my lovesğŸ’— ğŸ’‹ğŸ’‹ğŸ’‹ğŸŒ¬ #writer #artist #FUhugist #TikTâ€¦,0,[],"['ğŸ˜‚ğŸ˜‚ğŸ˜‚', 'ğŸ’—', 'ğŸ’‹ğŸ’‹ğŸ’‹ğŸŒ¬']"
WOW. Takes a LOT of guts to call out the owner of one of AmeriKKKaâ€™s most highly valued sports teams. Yet another râ€¦,0,[],[]
BP Pensions Scandal in Zambia #blacklivesmatter #pension Listen to the pensioners tell their story:â€¦,0,[],[]
A man rides a bus in Durban meant for white passengers only in resistance to South Africaâ€™s apartheid policies 19â€¦,0,[],[]
@USER: #OTD in 1955 #RosaParks refused to move seats on a bus for a white passenger she was arrested...She made history &amp; will always iâ€¦,0,[],[]
@USER: A BLACK WOMAN was beaten up by a BLACK TRANS WOMAN then murdered by a group of her BLACK FRIENDS while on vacation with themâ€¦,0,[],[]
@USER: today i am thinking of Filep Karma imprisoned for more than a decade for protesting Indonesian rule thru raising the flâ€¦,0,[],[]
Many will recognise yet another feature of their future slave cities Where we're educated to live wit no particulâ€¦,0,[],[]
@USER Many will recognise yet another feature of their future slave cities Where we're educated to liveâ€¦,0,[],[]
@USER Many will recognise yet another feature of their future slave cities Where we're educated to liveâ€¦,0,[],[]
I wonder if #BlackLivesMatter will condemn the murder of Christians in Africa ğŸ¤¦,0,[],[]
BBC News - #Buckingham Palace #race row raises awkward questions - #racist so called #royals...#BlackLivesMatter,0,[],[]
@USER Born the same year as my mum a white woman who has participated in #BLM protests. Being white and olâ€¦,0,[],[]
#Antifa and #BLM are #terrorist organizations.,0,[],[]
@USER: today i am thinking of Filep Karma imprisoned for more than a decade for protesting Indonesian rule thru raising the flâ€¦,0,[],[]
@USER: Not 1 person that participated in a #BlackLivesMatter march or protest has ever been charged &amp; convicted of #SeditiousConspiracâ€¦,0,[],[]
Drop your handles and follow everyone who likes and retweets this.#Gainwithraekwon#blacklivesmatter#gains#followhelp#trending#gainmutu,0,[],[]
ding* DING DING #PennState #BlackLivesMatter #JusticeForAll,1,['ding*'],[]
@USER @USER @USER OMG You on Cool Ade I regurgitate #BlackLivesMatter because I believe iâ€¦,0,[],[]
@USER @USER Microphone. Agenda. #BLM Race-baiter. #AntiRoyalFamily The King and PoW too eager to beâ€¦,0,[],[]
How to Use News wires Most Effectively Here are some tips to ensure that your press releaâ€¦,0,[],[]
@USER: Is this on the #BlackLivesMatter agenda,0,[],[]
@USER: @USER My mother is 83 and has participated in #BLM demonstrations. She's a white woman born in London. She wouldâ€¦,0,[],[]
@USER: Is this on the #BlackLivesMatter agenda,0,[],[]
@USER: NONE of these people went out of their way to paint their faces Black. They through the course of their ordinary day sâ€¦,0,[],[]
It's time to #DefundTheBaileyPolice #BlackLivesMatter,0,[],[]
@USER My mother is 83 and has participated in #BLM demonstrations. She's a white woman born in London. Sheâ€¦,0,[],[]
@USER: Iâ€™m NeechağŸˆ~Tweeting on #Motivation /Inspiration #BlackTwitter #Artists NewsğŸ— #ArtistOnTwitterğŸ‘¨ğŸ¼â€ğŸ¨ #A ğŸ­ #Blacâ€¦,0,[],"['ğŸˆ', 'ğŸ—', 'ğŸ‘¨ğŸ¼', 'ğŸ¨', 'ğŸ­']"
Beyond the @USER Newsroom: Alabama 1956. Untitled. via GordonParksFoundation #BlackLivesMatter #socialjustice,0,[],[]
"@USER @USER OK self-designated ""ally."" AND with the #BLM in the profile. How original. ğŸ™„",0,[],['ğŸ™„']
Iâ€™m NeechağŸˆ~Tweeting on #Motivation /Inspiration #BlackTwitter #Artists NewsğŸ— #ArtistOnTwitterğŸ‘¨ğŸ¼â€ğŸ¨ #A ğŸ­ â€¦,0,[],"['ğŸˆ', 'ğŸ—', 'ğŸ‘¨ğŸ¼', 'ğŸ¨', 'ğŸ­']"
@USER Yet you have #BLM in your profile. A known scam organization.,0,[],[]
@USER: â€˜Nicholas Peart 24 and Leon Peart 20 both black are Christians who regularly attend church and say they have neverâ€¦,0,[],[]
@USER: @USER Correction:I have finished the race; {right after I killed two people and wounded another.}#BlackLivesMatteâ€¦,0,[],[]
Musk #FoxNews Slams Tesla Founder in Response to a Tweet About Company's Origin Eberhard once sued Musk alleging lâ€¦,0,[],[]
LEAD ATTORNEY BRO COME ON NOW #LEADATTORNEY #SHANQUELLAROBINSON #WEHAVETODOBETTER #BlackLivesMatter #BlackTwitter,0,[],[]
@USER: #Water Crisis: A Global Problem That's Getting Worse | Planet A Warning: Water #ClimateCrisis#wtpBLUE #Demvoice1 #Amerâ€¦,0,[],[]
@USER @USER @USER @USER @USER @USER Lady Hussey asked repeatedly andâ€¦,0,[],[]
@USER: Is this on the #BlackLivesMatter agenda,0,[],[]
I just heard @USER say a slur towards african americans and as a #BLM member i do not stand for that and do notâ€¦,0,[],[]
Sun Jun 07 2020 Seattle Washington - Police shoot peaceful protester WATCH:,0,[],[]
I donâ€™t care what yâ€™all say a Black man who has grace for a white supremacist who blocked Black children from inteâ€¦,0,[],[]
it's funny watching every conservative commentator cry foul about kanye being used by nazis after he's said openlyâ€¦,0,[],[]
"Will Smith didn't just slap a ""dude""He slapped a Blk man who white ppl feel permitted them to comfortably laugh Aâ€¦",0,[],[]
@USER: I canâ€™t find people with anti-Black sentiments attractive I donâ€™t care what they look like lol,0,[],[]
@USER @USER You are not black and living in modern day Britain.She experienced what Jewish peâ€¦,0,[],[]
@USER: Why is the media focussed on the individual racism of an old lady and not the anti-black racism of the Party likely tâ€¦,0,[],[]
@USER: Sudanese children describe their experiences with anti-blackness in Egypt. I canâ€™t even imagine how Black North Africans fâ€¦,0,[],[]
@USER: Why is the media focussed on the individual racism of an old lady and not the anti-black racism of the Party likely tâ€¦,0,[],[]
@USER @USER @USER The sole reason for the republican partyâ€™s creation was to eliminate slavery. Democraâ€¦,0,[],[]
@USER shes a black racist anti white anti chrisitan anti english griffter ğŸ´ó §ó ¢ó ¥ó ®ó §ó ¿âœï¸ğŸ´ó §ó ¢ó ¥ó ®ó §ó ¿,0,[],"['ğŸ´', 'ğŸ´']"
@USER eh he was still anti black tho and I think a lot of non black Indigene need to really listen to Blâ€¦,0,[],[]
@USER: just a reminder that youâ€™re living in an anti-black settler-colonial fascist global military empire. the problem is noâ€¦,0,[],[]
@USER: @USER @USER @USER Peter is a coward and once exposed now he wants to delete his Twitter. If youâ€™râ€¦,0,[],[]
@USER: WHAT IN THE MF K DRAMA MEN IN BLACK INHALE INHALE EXHALE EXHALE RAY-BAN BABY OIL ANTI BLEMISH SKIN TONING SERUM CHICKEN NOâ€¦,0,[],[]
@USER: @USER @USER Lord - how tiresome this gesture stuff is from someone in the most anti-black anti Muslâ€¦,0,[],[]
@USER: Warnockâ€™s former church repeatedly featured black supremacist professor accused of anti-Semitism vâ€¦,0,[],[]
@USER: I donâ€™t care what yâ€™all say a Black man who has grace for a white supremacist who blocked Black children from integratingâ€¦,0,[],[]
@USER: ğŸ§µ| Thread talking about the Anti Blackness of Cartoon Twitter specifically tohtwt. By a black toh fan. rts appreciateâ€¦,0,[],[]
@USER: ğŸ§µ| Thread talking about the Anti Blackness of Cartoon Twitter specifically tohtwt. By a black toh fan. rts appreciateâ€¦,0,[],[]
@USER: Embracing my role as the Black British Royal Correspondent on @USER this morning. This isn't a one off racism is the pâ€¦,0,[],[]
if charles &amp;william think betraying Lady hussy2appease black/bame race hustlers thr in 4 a shock these bame anti wâ€¦,0,[],[]
@USER @USER This whole situation has been a total over-reaction Why has this Black woman got such an anâ€¦,0,[],[]
@USER: @USER Is this spoilt brat behaviour by black activist Ngozi Fulani meant to make whites and blacks live happily in ouâ€¦,0,[],[]
@USER: The state of Israel and racism against black Africans. you do not see the Jewish community in America condemning theseâ€¦,0,[],[]
@USER: @USER @USER Lord - how tiresome this gesture stuff is from someone in the most anti-black anti Muslâ€¦,0,[],[]
@USER: Sudanese children describe their experiences with anti-blackness in Egypt. I canâ€™t even imagine how Black North Africans fâ€¦,0,[],[]
@USER: Your anti Blackness to us is so entrenched y'all get defensive when we point it out.That's why Black women longer givâ€¦,0,[],[]
@USER: I donâ€™t care what yâ€™all say a Black man who has grace for a white supremacist who blocked Black children from integratingâ€¦,0,[],[]
It's nothing more than invented anti-black racism by an historically proven anti-white racist. And don't the anti-â€¦,0,[],[]
ğŸ‡¬ğŸ‡­ğŸ‡³ğŸ‡¬ Black Sherif and Fireboy DML perform at the MOBO Awards - Wembley arena England.Watch VideoğŸ‘‡ğŸ‘‡ğŸ¿â€¦,0,[],"['ğŸ‡¬ğŸ‡­ğŸ‡³ğŸ‡¬', 'ğŸ‘‡ğŸ‘‡ğŸ¿']"
@USER: Failed by weak @USER @USER @USER @USER @USER government. Tory for 40 years. Nextâ€¦,0,[],[]
Failed by weak @USER @USER @USER @USER @USER government. Tory for 40 yearsâ€¦,0,[],[]
@USER: Embracing my role as the Black British Royal Correspondent on @USER this morning. This isn't a one off racism is the pâ€¦,0,[],[]
@USER: Embracing my role as the Black British Royal Correspondent on @USER this morning. This isn't a one off racism is the pâ€¦,0,[],[]
@USER: Failed by weak @USER @USER @USER @USER @USER government. Tory for 40 years. Nextâ€¦,0,[],[]
Failed by weak @USER @USER @USER @USER @USER government. Tory for 40 yearsâ€¦,0,[],[]
@USER: Failed by weak @USER @USER @USER @USER @USER government. Tory for 40 years. Nextâ€¦,0,[],[]
Failed by weak @USER @USER @USER @USER @USER government. Tory for 40 yearsâ€¦,0,[],[]
@USER @USER That Black lady's historical tweets show she is Anti Whiteshe herself is a racist,0,[],[]
@USER: Failed by weak @USER @USER @USER @USER @USER government. Tory for 40 years. Nextâ€¦,0,[],[]
Failed by weak @USER @USER @USER @USER @USER government. Tory for 40 yearsâ€¦,0,[],[]
@USER: Failed by weak @USER @USER @USER @USER @USER government. Tory for 40 years. Nextâ€¦,0,[],[]
Failed by weak @USER @USER @USER @USER @USER government. Tory for 40 yearsâ€¦,0,[],[]
@USER: Failed by weak @USER @USER @USER @USER @USER government. Tory for 40 years. Nextâ€¦,0,[],[]
Failed by weak @USER @USER @USER @USER @USER government. Tory for 40 yearsâ€¦,0,[],[]
@USER: Failed by weak @USER @USER @USER @USER @USER government. Tory for 40 years. Nextâ€¦,0,[],[]
Failed by weak @USER @USER @USER @USER @USER government. Tory for 40 yearsâ€¦,0,[],[]
@USER: Failed by weak @USER @USER @USER @USER @USER government. Tory for 40 years. Nextâ€¦,0,[],[]
Failed by weak @USER @USER @USER @USER @USER government. Tory for 40 yearsâ€¦,0,[],[]
@USER: We need to take the word 'British' out of 'BBC' #DefundTheBBC the woke labour leftwing anti-British @USER @USERâ€¦,0,[],[]
We need to take the word 'British' out of 'BBC' #DefundTheBBC the woke labour leftwing anti-British @USERâ€¦,0,[],[]
@USER: @USER We need to take the word 'British' out of 'BBC' #DefundTheBBC the woke labour leftwing anti-British @USERâ€¦,0,[],[]
@USER: Sudanese children describe their experiences with anti-blackness in Egypt. I canâ€™t even imagine how Black North Africans fâ€¦,0,[],[]
@USER We need to take the word 'British' out of 'BBC' #DefundTheBBC the woke labour leftwing anti-Britishâ€¦,0,[],[]
@USER: Embracing my role as the Black British Royal Correspondent on @USER this morning. This isn't a one off racism is the pâ€¦,0,[],[]
@USER @USER @USER Weird how all that anti Asian propaganda only seems to affect black people huh,0,[],[]
@USER: Embracing my role as the Black British Royal Correspondent on @USER this morning. This isn't a one off racism is the pâ€¦,0,[],[]
It's okay to be anti-black in America,0,[],[]
@USER: I'm very honoured to be giving a keynote at this conference. I'll be showing how the 'what works' agenda in England's schoâ€¦,0,[],[]
@USER @USER @USER Jones protest was based on Black people being evil and subhuman. You seemâ€¦,0,[],[]
@USER For anti-inflammatory Oooh I should put some black pepper corn in there. Good thinking,0,[],[]
@USER Failed by weak @USER @USER @USER @USER @USER government. Toâ€¦,0,[],[]
@USER The Anti-Black Defamation League is going to embarrass you and your colleagues for this fake ass bullshit,1,"['ass', 'bullshit']",[]
@USER @USER Failed by weak @USER @USER @USER @USER @USER gâ€¦,0,[],[]
Long story long man Itâ€™s a legit personality trait for some BM to be anti black an actually seek out self hate ngâ€¦,0,[],[]
@USER: Hakeem Jeffries is anti worker anti progressive anti union and anti teacher. But he is pro Israel and pro charter scâ€¦,0,[],[]
@USER: Hakeem Jeffries is anti worker anti progressive anti union and anti teacher. But he is pro Israel and pro charter scâ€¦,0,[],[]
@USER: I donâ€™t care what yâ€™all say a Black man who has grace for a white supremacist who blocked Black children from integratingâ€¦,0,[],[]
@USER: Hakeem Jeffries is anti worker anti progressive anti union and anti teacher. But he is pro Israel and pro charter scâ€¦,0,[],[]
@USER Anti-Black Racism is even more real #CatherineandBenAinslie #WilliamandRose #PrinceofPeggingâ€¦,0,[],[]
@USER: Due to the legacy of white supremacy and anti-Blackness in this country it shouldn't be surprising that white suprematistâ€¦,0,[],[]
Amber Home 17 Inch Large Black Satin Padded Hangers for Women Clothing 5 Pack Anti Slip Cushioned Hangers for Sweaâ€¦,0,[],[]
Translation: ğŸ¦ Black faces in high places and Anti-Black White Latinos are going to runion your life,0,[],[]
@USER: Why is the media focussed on the individual racism of an old lady and not the anti-black racism of the Party likely tâ€¦,0,[],[]
@USER: Embracing my role as the Black British Royal Correspondent on @USER this morning. This isn't a one off racism is the pâ€¦,0,[],[]
@USER @USER @USER @USER @USER @USER Argentina is an anti-black country .,0,[],[]
@USER: Warnockâ€™s former church repeatedly featured black supremacist professor accused of anti-Semitism vâ€¦,0,[],[]
@USER Imagine if white racist people just stopped being racist wouldn't that make the world less awful for bâ€¦,0,[],[]
@USER: @USER @USER @USER @USER @USER @USER @USER Wait now thisâ€¦,0,[],[]
@USER: Why is the media focussed on the individual racism of an old lady and not the anti-black racism of the Party likely tâ€¦,0,[],[]
@USER: Tamir Rice was 12.George Stinney Jr 14.Trayvon Martin was 17.Emmett Till was 14.#JerryJones = Anti-Black Watchâ€¦,0,[],[]
AWINNER Accessories Compatible with HomePod Stand Silicone Anti-Slip Pad Shockproof Coaster Black BRVU4LGâ€¦,0,[],[]
@USER: Hakeem Jeffries is anti worker anti progressive anti union and anti teacher. But he is pro Israel and pro charter scâ€¦,0,[],[]
@USER Asians are more guilty of anti-Black Racism than are Whites. Meghan Markle married a blood prince whichâ€¦,0,[],[]
@USER: I donâ€™t care what yâ€™all say a Black man who has grace for a white supremacist who blocked Black children from integratingâ€¦,0,[],[]
@USER: Hakeem Jeffries is anti worker anti progressive anti union and anti teacher. But he is pro Israel and pro charter scâ€¦,0,[],[]
@USER: Hakeem Jeffries is anti worker anti progressive anti union and anti teacher. But he is pro Israel and pro charter scâ€¦,0,[],[]
@USER @USER Donâ€™t try to link the two. I hate that. Itâ€™s like when you try to link being anti transâ€¦,0,[],[]
@USER What has Lady Susan Hussey being racist got to do with Meghan Duchess of Sussex Stop trying toâ€¦,0,[],[]
@USER: Hakeem Jeffries is anti worker anti progressive anti union and anti teacher. But he is pro Israel and pro charter scâ€¦,0,[],[]
@USER: Hakeem Jeffries is anti worker anti progressive anti union and anti teacher. But he is pro Israel and pro charter scâ€¦,0,[],[]
@USER: Met Police pays out to black brothers searched and handcuffed outside home one police officer was a key player in a hate messâ€¦,0,[],[]
@USER: Hakeem Jeffries is anti worker anti progressive anti union and anti teacher. But he is pro Israel and pro charter scâ€¦,0,[],[]
@USER @USER @USER No its not btw. Being anti racist isn't anti white. What is racist is aâ€¦,0,[],[]
@USER: Why is the media focussed on the individual racism of an old lady and not the anti-black racism of the Party likely tâ€¦,0,[],[]
@USER: Hakeem Jeffries is anti worker anti progressive anti union and anti teacher. But he is pro Israel and pro charter scâ€¦,0,[],[]
@USER: Hakeem Jeffries is anti worker anti progressive anti union and anti teacher. But he is pro Israel and pro charter scâ€¦,0,[],[]
Hans Joachim Marseille is worth looking further into. Not only for his victory claims. He was a rebel playboy wiâ€¦,0,[],[]
@USER: @USER @USER It's a Jenny Packham gown not balenciaga.,0,[],[]
@USER: The are many whites and Indians vultures that want Adv Mkhwebane gone that are sent by WMC institutions..A black woman'sâ€¦,0,[],[]
Except that this is so obviously untrue. He's tolerated all kinds of white supremacy &amp; antisemitism. Also racism aâ€¦,0,[],[]
Anti-Muslim sentiments in India have made life so unbearable for Rohingya refugees that many plan returning to Myanâ€¦,0,[],[]
#MuslimBrotherhoodâ€™s Anti-India lobby group Indian American Muslim Council is active these days with various fundrâ€¦,0,[],[]
@USER: @USER We stand with the KPs and all right minded people irrespective of their religion shud do so but to use them toâ€¦,0,[],[]
Fearlessly spoke to Muslim Islam Leftist Khangress Anti India choose to self fuck.e.d. instead of real indian,0,[],[]
@USER: #MuslimBrotherhoodâ€™s Anti-India lobby group Indian American Muslim Council is active these days with various fundraisingâ€¦,0,[],[]
@USER: @USER @USER Lord - how tiresome this gesture stuff is from someone in the most anti-black anti Muslâ€¦,0,[],[]
@USER When it comes closer to the time when Muslim ummah will be in strife there will be many that will disguiseâ€¦,0,[],[]
@USER: Anti-Muslim sentiments in India have made life so unbearable for Rohingya refugees that many plan returning to Myanmar wheâ€¦,0,[],[]
@USER What racist nonsense Anti-muslim bigotry is abhorrent but condemnation of the invidious creep of râ€¦,0,[],[]
@USER: @USER @USER Lord - how tiresome this gesture stuff is from someone in the most anti-black anti Muslâ€¦,0,[],[]
The moment you vote for â€œGandhi s ğŸ‡®ğŸ‡³ â€œ Hindu nationalism will â€œend â€œ secularism and liberalism wonâ€™t let you thinkâ€¦,0,[],['ğŸ‡®ğŸ‡³']
@USER: @USER Youâ€™re a anti-American woman of a different faith that is anti-American. The Caraun teaches. Theyâ€™ll be no peaceâ€¦,0,[],[]
@USER: #MuslimBrotherhoodâ€™s Anti-India lobby group Indian American Muslim Council is active these days with various fundraisingâ€¦,0,[],[]
@USER: @USER @USER @USER @USER @USER @USER @USER @USER @USERâ€¦,0,[],[]
@USER: #MuslimBrotherhoodâ€™s Anti-India lobby group Indian American Muslim Council is active these days with various fundraisingâ€¦,0,[],[]
The Muslim man accused of committing #blasphemy and other #religious offences on social media was awarded #deathâ€¦,0,[],[]
@USER @USER @USER @USER @USER @USER @USER @USERâ€¦,0,[],[]
@USER: Anti-Muslim intimidation tactics are utterly unacceptable and downright shameful. No one should have to fear being harassedâ€¦,0,[],[]
@USER: #Video: @USER NJ Mosque Respond to Anti-Muslim Intimidation Targeting Islamic Center,0,[],[]
@USER: The beauty of the World Cup is the the large numbers of anti-Muslim racists in Poland cheering on Saudi Arabia.,0,[],[]
@USER: Our #NewJersey chapterâ€™s Executive Director Selaedin Maksut: â€œAnti-Muslim intimidation tactics like these are unacceptablâ€¦,0,[],[]
@USER: #MuslimBrotherhoodâ€™s Anti-India lobby group Indian American Muslim Council is active these days with various fundraisingâ€¦,0,[],[]
@USER @USER YES. Punishing muslim criminals IS ISLAMOPHOBIA.To the extent crime is a differentiâ€¦,0,[],[]
@USER: Not a single Muslim citizen in #Vatican City #Greenland #Monaco In contrast to India these countries do not have sâ€¦,0,[],[]
@USER @USER One fake global narrative that only Muslims are victims of Hindus in India &amp; in return greeâ€¦,0,[],[]
@USER A time will come when Muslim ummah will be in strife and anti-islamic forces will capture major Muslimâ€¦,0,[],[]
@USER @USER One anti-Hindu tweet against KF doc-film as anti-Muslim vulgar propaganda &amp; in return opp pâ€¦,0,[],[]
@USER: @USER @USER Lord - how tiresome this gesture stuff is from someone in the most anti-black anti Muslâ€¦,0,[],[]
@USER: Anti-Muslim intimidation tactics are utterly unacceptable and downright shameful. No one should have to fear being harassedâ€¦,0,[],[]
@USER: .@USER ED @USER: â€œBy targeting a Muslim center and deliberately circling its premises repeatedly the perpetratorsâ€¦,0,[],[]
@USER: #MuslimBrotherhoodâ€™s Anti-India lobby group Indian American Muslim Council is active these days with various fundraisingâ€¦,0,[],[]
@USER The decision of the government is being seen as part of the Bharatiya Janata Party BJP -led Central goâ€¦,0,[],[]
@USER: Even the vulgar filmmakers have the freedom to express opinions and the freedom to join festivals to show their vulgarâ€¦,0,[],[]
@USER: from fb my muslim friend kongsi. Seems accurate our malay and muslim society seems inching closer to anti-intellectuâ€¦,0,[],[]
@USER: #MuslimBrotherhoodâ€™s Anti-India lobby group Indian American Muslim Council is active these days with various fundraisingâ€¦,0,[],[]
@USER It's not stupid judgement but stupid law. Muslim personal law mentions it and courts can do crap about it.â€¦,1,['crap'],[]
@USER: from fb my muslim friend kongsi. Seems accurate our malay and muslim society seems inching closer to anti-intellectuâ€¦,0,[],[]
@USER @USER @USER Democrats supporting Americans readily call MODI fash when they have comâ€¦,0,[],[]
@USER: #MuslimBrotherhoodâ€™s Anti-India lobby group Indian American Muslim Council is active these days with various fundraisingâ€¦,0,[],[]
@USER: @USER this is unfair to qatar. she preformed in russia with no issue she preformed in france with no issue she prefâ€¦,0,[],[]
@USER: #MuslimBrotherhoodâ€™s Anti-India lobby group Indian American Muslim Council is active these days with various fundraisingâ€¦,0,[],[]
@USER anti national islamist terrorist supporter ravish anti Indian anti hindu....any news where the wrongâ€¦,0,[],[]
@USER: Malcom X was a radical muslim. Black liberation anti capitalism and opposition to colonialism were decried as radicalâ€¦,0,[],[]
Secularists - Hey BJP is still anti Muslim,0,[],[]
@USER: Not a single Muslim citizen in #Vatican City #Greenland #Monaco In contrast to India these countries do not have sâ€¦,0,[],[]
@USER: Not a single Muslim citizen in #Vatican City #Greenland #Monaco In contrast to India these countries do not have sâ€¦,0,[],[]
@USER: from fb my muslim friend kongsi. Seems accurate our malay and muslim society seems inching closer to anti-intellectuâ€¦,0,[],[]
@USER: #MuslimBrotherhoodâ€™s Anti-India lobby group Indian American Muslim Council is active these days with various fundraisingâ€¦,0,[],[]
@USER: Anti-Muslim intimidation tactics are utterly unacceptable and downright shameful. No one should have to fear being harassedâ€¦,0,[],[]
@USER: #MuslimBrotherhoodâ€™s Anti-India lobby group Indian American Muslim Council is active these days with various fundraisingâ€¦,0,[],[]
@USER If anti-Hindu ecosystem &amp; opp parties admit that KF doc-film is factual evidence of the horror experienâ€¦,0,[],[]
@USER: #MuslimBrotherhoodâ€™s Anti-India lobby group Indian American Muslim Council is active these days with various fundraisingâ€¦,0,[],[]
@USER: @USER @USER Lord - how tiresome this gesture stuff is from someone in the most anti-black anti Muslâ€¦,0,[],[]
@USER: Not a single Muslim citizen in #Vatican City #Greenland #Monaco In contrast to India these countries do not have sâ€¦,0,[],[]
@USER @USER so then you tell me what is their real name Because of this shamelessness some countries have anti-muslim laws,0,[],[]
@USER My beliefs are owed to you I am not here to understand you or for you to understand me. Anti-theism nâ€¦,0,[],[]
@USER Muslims hate all all other religions and say so loudly.But if you just say this to them ask to stopâ€¦,0,[],[]
@USER UK should forbid this so called Muslim journalism of 5pillars. It has nothing to do with journalism buâ€¦,0,[],[]
@USER: from fb my muslim friend kongsi. Seems accurate our malay and muslim society seems inching closer to anti-intellectuâ€¦,0,[],[]
@USER: @USER It is all encouraged by India's HM and PM whose whole career is standing on the basis of anti Muslim politics. Mâ€¦,0,[],[]
@USER: #MuslimBrotherhoodâ€™s Anti-India lobby group Indian American Muslim Council is active these days with various fundraisingâ€¦,0,[],[]
@USER: #MuslimBrotherhoodâ€™s Anti-India lobby group Indian American Muslim Council is active these days with various fundraisingâ€¦,0,[],[]
@USER But they're the party of business they can be trusted with the economy. They're anti Muslim not antiâ€¦,0,[],[]
@USER Atlast anti Hindus and tukde gangs are out from NDTV Don't lecture youths we know what is good for Inâ€¦,0,[],[]
@USER A time will come when Muslim ummah will be in strife and anti-islamic forces will capture major Muslim câ€¦,0,[],[]
@USER Why are you marketing your book to the muslim community when it clearly has anti-normative Islamic viewsâ€¦,0,[],[]
@USER: 28 year-old Fatoumatta Hydara and her 2 daughters - 1 &amp; 3 ğŸ’” were killed by a white man who set their home on fire This maâ€¦,0,[],['ğŸ’”']
@USER: The Western mediaâ€™s #WorldCup coverage has put its anti-Muslim bias on full display,0,[],[]
@USER Not to mention ties to the Muslim brotherhood. Whoot anti-semits unite.,0,[],[]
@USER They support bowman's in every Anti Muslim Pogroms,0,[],[]
@USER: #MuslimBrotherhoodâ€™s Anti-India lobby group Indian American Muslim Council is active these days with various fundraisingâ€¦,0,[],[]
@USER: 28 year-old Fatoumatta Hydara and her 2 daughters - 1 &amp; 3 ğŸ’” were killed by a white man who set their home on fire This maâ€¦,0,[],['ğŸ’”']
@USER: @USER @USER Lord - how tiresome this gesture stuff is from someone in the most anti-black anti Muslâ€¦,0,[],[]
@USER: #MuslimBrotherhoodâ€™s Anti-India lobby group Indian American Muslim Council is active these days with various fundraisingâ€¦,0,[],[]
@USER: from fb my muslim friend kongsi. Seems accurate our malay and muslim society seems inching closer to anti-intellectuâ€¦,0,[],[]
Piscataway Islamic Leaders Condemn Anti-Muslim Bias Incident; Call for Investigation,0,[],[]
@USER: Trads create lone-wolf terrorists who act on their own after being radicalized for long enough time by the anti-Muslim anti-Dâ€¦,0,[],[]
@USER: Not a single Muslim citizen in #Vatican City #Greenland #Monaco In contrast to India these countries do not have sâ€¦,0,[],[]
@USER: @USER @USER Lord - how tiresome this gesture stuff is from someone in the most anti-black anti Muslâ€¦,0,[],[]
@USER: from fb my muslim friend kongsi. Seems accurate our malay and muslim society seems inching closer to anti-intellectuâ€¦,0,[],[]
@USER @USER @USER @USER anti-establishment Why didn't we see his revolutionary avâ€¦,0,[],[]
@USER: #MuslimBrotherhoodâ€™s Anti-India lobby group Indian American Muslim Council is active these days with various fundraisingâ€¦,0,[],[]
government is Anti Muslim party CM Bommai ji proving by rejecting the permission to opeâ€¦,0,[],[]
@USER You took a muslim's name first. You're anti-India.,0,[],[]
@USER: There's a book yall could read about a muslim's scholar and anti-authoritarianism Islam from @USER.Perikaâ€¦,0,[],[]
@USER A time will come when Muslim ummah will be in strife and anti-islamic forces will capture major Musâ€¦,0,[],[]
@USER: @USER @USER Don't forget that her hate group ACT was kicked out of MaraLardo for being too extreme. Imagine beiâ€¦,0,[],[]
@USER: @USER @USER Lord - how tiresome this gesture stuff is from someone in the most anti-black anti Muslâ€¦,0,[],[]
@USER For fake anti-Hindu toxic ecosystem &amp; opp. parties it's all about money they get from rich Muslim gâ€¦,0,[],[]
@USER: @USER @USER Lord - how tiresome this gesture stuff is from someone in the most anti-black anti Muslâ€¦,0,[],[]
@USER: The Western mediaâ€™s #WorldCup coverage has put its anti-Muslim bias on full display,0,[],[]
@USER: @USER @USER Lord - how tiresome this gesture stuff is from someone in the most anti-black anti Muslâ€¦,0,[],[]
NJ Muslim community outraged over apparent harassment incident,0,[],[]
@USER @USER The leadership at @USER are pro-Zionist and anti-Arab/anti-Muslim. It's why they've bâ€¦,0,[],[]
@USER: One year ago today: â€˜Islamophobiaâ€™ distracts from tackling anti-Muslim bigotry,0,[],[]
#OutlookMagazine | Behind the rise of #Modi is the collective angst against perceived injustices of the #Congress â€¦,0,[],[]
@USER: Trads create lone-wolf terrorists who act on their own after being radicalized for long enough time by the anti-Muslim anti-Dâ€¦,0,[],[]
@USER: @USER @USER Lord - how tiresome this gesture stuff is from someone in the most anti-black anti Muslâ€¦,0,[],[]
@USER: Yunus Pasha 25-yr-old married Muslim blackmails &amp; rapes a minor Hindu girl forces her to convert to Islam arrested undeâ€¦,0,[],[]
